active_segment,churn_count,total,churn_rate
1-5 days,14537,114287,12.71973190301609
6-30 days,48643,579347,8.396177075224347
31-90 days,4460,60917,7.321437365595811
91-180 days,0,0,
180+ days,0,0,
