age_group,churn_count,total,churn_rate,retention_rate
<18,4873,18003,27.067710937066042,72.93228906293396
18-25,19683,117392,16.766900640588798,83.2330993594112
26-35,18283,167438,10.919265638624447,89.08073436137555
36-45,6104,58361,10.459039427014616,89.54096057298538
46-55,1881,20133,9.342869915064819,90.65713008493518
55+,499,5377,9.280267807327506,90.7197321926725
