is_churn,auto_renew_pct,promo_ratio,cancel_ratio,active_days,completion_rate
0,0.9160862481326059,0.0013228194972729694,0.018478107219846628,18.161032971693114,0.6993799378643468
1,0.46983349764256704,0.049887333075767135,0.24585907998626846,18.60633367662204,0.6991286441431606
