is_churn,avg_revenue,avg_active_days,avg_secs,avg_promo_ratio,avg_cancel_count,avg_auto_renew,avg_completion,avg_skip,user_count
0,161.25699131827872,18.161032971693114,141495.5611257907,0.0013228194972729694,0.018478107219846628,0.9160862481326059,0.6993799378643468,0.17878198273418833,679128
1,561.0222279437006,18.60633367662204,153367.21585343717,0.049887333075767135,0.24585907998626846,0.46983349764256704,0.6991286441431606,0.17717204134077885,46608
