compl_segment,churn_count,total,churn_rate
<10%,1183,11789,10.034778183051998
10-30%,2340,25476,9.185115402731983
30-50%,7734,81660,9.470977222630419
50-70%,17723,195587,9.061440688798335
70-100%,38660,440039,8.785584914064435
