gender,churn_count,total,churn_rate
female,23940,184344,12.98659028772295
male,26396,204561,12.903730427598614
