listening_segment,churn_count,total,churn_rate
<1hr,5209,41995,12.403857602095487
1-10hr,17836,171780,10.383048084759576
10-50hr,29712,357861,8.302665001215557
50-167hr,13164,159545,8.250963677959195
167hr+,1719,23370,7.355584082156611
