is_churn,avg_total_secs,avg_revenue,avg_auto_renew,user_count
0,141495.5611257907,161.25699131827872,0.9160862481326059,679128
1,153367.21585343717,561.0222279437006,0.46983349764256704,46608
