promo_segment,churn_count,total,churn_rate
No Promos (0%),53695,927814,5.787259084256112
Low (1-20%),36,59,61.016949152542374
Medium (21-50%),2577,3481,74.03045101982188
High (51-100%),1587,2224,71.35791366906474
