registered_via,reg_method_label,churn_count,total,churn_rate
7,Web Browser,20697,462684,4.4732473999533156
9,Carrier Bundle,29893,235689,12.683239353554896
3,iOS App,18338,106459,17.225410721498417
4,Android App,12185,52744,23.102153799484302
13,Campaign Link,335,3391,9.879091713358891
