rev_tier,is_churn,active_days
0-50,0,17.142857142857142
0-50,1,10.818181818181818
51-149,0,17.666835214927545
51-149,1,15.937557476549568
150-300,0,19.864182796632235
150-300,1,16.817732849756926
301-600,0,20.1226036558181
301-600,1,20.607938718662954
601+,0,18.809310653536258
601+,1,21.598016585449262
