revenue_bucket,churn_count,total,churn_rate
0-50,13,20,65.0
51-149,15686,728692,2.15262415396354
150-300,17158,164365,10.4389620661333
301-600,10698,22251,48.078738034245646
601-1000,4571,5498,83.13932339032375
1000+,8523,11253,75.73980271927486
