reg_month,churn_count,total,churn_rate,month_name
1,8949,89640,9.98326639892905,Jan
2,9035,85628,10.551455131499042,Feb
3,7911,65938,11.99763414116291,Mar
4,4728,49732,9.50695729108019,Apr
5,5025,55444,9.063198903398023,May
6,5364,58582,9.156396162643816,Jun
7,5843,73204,7.981804272990548,Jul
8,6631,75068,8.833324452496404,Aug
9,6602,67985,9.710965654188424,Sep
10,7260,80528,9.01549771508047,Oct
11,6755,77988,8.661588962404473,Nov
12,7345,81230,9.042225778653206,Dec
