skip_segment,churn_count,total,churn_rate
Very Low (<20%),43930,494328,8.886811995274392
Low (20-40%),19207,211109,9.098143613015077
Medium (40-60%),3464,37574,9.219140895299942
High (60-80%),669,7448,8.982277121374866
Very High (>80%),370,4092,9.042033235581624
