is_churn,songs_25,songs_50,songs_75,songs_985,songs_completed,songs_played,songs_25_pct,songs_50_pct,songs_75_pct,songs_985_pct,songs_completed_pct
0,75082028,18100264,11425413,12940425,371693181,489241311,15.346624725237074,3.699659777912745,2.3353328394625286,2.644998431050317,75.97338422633733
1,6993341,1712178,1059179,1179805,32672399,43616902,16.03355735810856,3.9254920030771556,2.4283682504548354,2.704926177471293,74.90765621088815
